{
  "id": "4806301",
  "name": "豆瓣网页",
  "font_family": "iconfont",
  "css_prefix_text": "icon-",
  "description": "",
  "glyphs": [
    {
      "icon_id": "630094",
      "name": "向右箭头",
      "font_class": "xiangyoujiantou",
      "unicode": "e65f",
      "unicode_decimal": 58975
    },
    {
      "icon_id": "763708",
      "name": "五瓣花",
      "font_class": "wubanhua",
      "unicode": "e807",
      "unicode_decimal": 59399
    },
    {
      "icon_id": "19949527",
      "name": "搜索",
      "font_class": "sousuo",
      "unicode": "e60a",
      "unicode_decimal": 58890
    },
    {
      "icon_id": "1253",
      "name": "收藏",
      "font_class": "shoucang",
      "unicode": "e600",
      "unicode_decimal": 58880
    },
    {
      "icon_id": "5652413",
      "name": "加号",
      "font_class": "jiahao",
      "unicode": "e602",
      "unicode_decimal": 58882
    },
    {
      "icon_id": "7597997",
      "name": "24gf-arrowDown3",
      "font_class": "24gf-arrowDown3",
      "unicode": "eb77",
      "unicode_decimal": 60279
    }
  ]
}
