{
  "id": "4789693",
  "name": "iconfont",
  "font_family": "iconfont",
  "css_prefix_text": "icon-",
  "description": "",
  "glyphs": [
    {
      "icon_id": "2194",
      "name": "摄影旅行",
      "font_class": "sheyinglvxing",
      "unicode": "e600",
      "unicode_decimal": 58880
    },
    {
      "icon_id": "2197",
      "name": "宠物",
      "font_class": "chongwu",
      "unicode": "e601",
      "unicode_decimal": 58881
    },
    {
      "icon_id": "2199",
      "name": "美食",
      "font_class": "meishi",
      "unicode": "e602",
      "unicode_decimal": 58882
    },
    {
      "icon_id": "2201",
      "name": "母婴",
      "font_class": "muying",
      "unicode": "e603",
      "unicode_decimal": 58883
    },
    {
      "icon_id": "2202",
      "name": "家居",
      "font_class": "jiaju",
      "unicode": "e604",
      "unicode_decimal": 58884
    },
    {
      "icon_id": "2203",
      "name": "美发",
      "font_class": "meifa",
      "unicode": "e605",
      "unicode_decimal": 58885
    },
    {
      "icon_id": "2204",
      "name": "美容",
      "font_class": "meirong",
      "unicode": "e606",
      "unicode_decimal": 58886
    },
    {
      "icon_id": "2205",
      "name": "数码",
      "font_class": "shuma",
      "unicode": "e607",
      "unicode_decimal": 58887
    },
    {
      "icon_id": "2207",
      "name": "运动户外",
      "font_class": "yundonghuwai",
      "unicode": "e608",
      "unicode_decimal": 58888
    },
    {
      "icon_id": "2208",
      "name": "男装",
      "font_class": "nanzhuang",
      "unicode": "e609",
      "unicode_decimal": 58889
    },
    {
      "icon_id": "2209",
      "name": "配饰",
      "font_class": "peishi",
      "unicode": "e60a",
      "unicode_decimal": 58890
    },
    {
      "icon_id": "2210",
      "name": "鞋子",
      "font_class": "xiezi",
      "unicode": "e60b",
      "unicode_decimal": 58891
    },
    {
      "icon_id": "2211",
      "name": "包包",
      "font_class": "baobao",
      "unicode": "e60c",
      "unicode_decimal": 58892
    },
    {
      "icon_id": "2212",
      "name": "女装",
      "font_class": "nvzhuang",
      "unicode": "e60d",
      "unicode_decimal": 58893
    },
    {
      "icon_id": "624530",
      "name": "购物车",
      "font_class": "gouwuche",
      "unicode": "e63f",
      "unicode_decimal": 58943
    },
    {
      "icon_id": "629340",
      "name": "收货地址",
      "font_class": "shouhuodizhi",
      "unicode": "e64e",
      "unicode_decimal": 58958
    },
    {
      "icon_id": "629357",
      "name": "搜索",
      "font_class": "sousuo",
      "unicode": "e651",
      "unicode_decimal": 58961
    },
    {
      "icon_id": "629362",
      "name": "提示",
      "font_class": "tishi",
      "unicode": "e653",
      "unicode_decimal": 58963
    },
    {
      "icon_id": "630128",
      "name": "照相机",
      "font_class": "zhaoxiangji",
      "unicode": "e663",
      "unicode_decimal": 58979
    },
    {
      "icon_id": "11372676",
      "name": "密码",
      "font_class": "mima",
      "unicode": "e8b2",
      "unicode_decimal": 59570
    },
    {
      "icon_id": "34452956",
      "name": "add",
      "font_class": "add",
      "unicode": "e835",
      "unicode_decimal": 59445
    },
    {
      "icon_id": "15838561",
      "name": "arrow-left-bold",
      "font_class": "arrow-left-bold",
      "unicode": "e685",
      "unicode_decimal": 59013
    },
    {
      "icon_id": "15838562",
      "name": "arrow-up-bold",
      "font_class": "arrow-up-bold",
      "unicode": "e686",
      "unicode_decimal": 59014
    },
    {
      "icon_id": "15838564",
      "name": "arrow-down-bold",
      "font_class": "arrow-down-bold",
      "unicode": "e687",
      "unicode_decimal": 59015
    },
    {
      "icon_id": "15838566",
      "name": "arrow-right-bold",
      "font_class": "arrow-right-bold",
      "unicode": "e68c",
      "unicode_decimal": 59020
    },
    {
      "icon_id": "15838614",
      "name": "map-filling",
      "font_class": "map-filling",
      "unicode": "e68d",
      "unicode_decimal": 59021
    },
    {
      "icon_id": "15838455",
      "name": "direction-down",
      "font_class": "direction-down",
      "unicode": "e66b",
      "unicode_decimal": 58987
    },
    {
      "icon_id": "15838460",
      "name": "direction-right",
      "font_class": "direction-right",
      "unicode": "e66d",
      "unicode_decimal": 58989
    },
    {
      "icon_id": "15838461",
      "name": "direction-up",
      "font_class": "direction-up",
      "unicode": "e66e",
      "unicode_decimal": 58990
    },
    {
      "icon_id": "15838463",
      "name": "direction-left",
      "font_class": "direction-left",
      "unicode": "e66f",
      "unicode_decimal": 58991
    },
    {
      "icon_id": "15838464",
      "name": "download",
      "font_class": "download",
      "unicode": "e670",
      "unicode_decimal": 58992
    },
    {
      "icon_id": "15838474",
      "name": "favorite",
      "font_class": "favorite",
      "unicode": "e671",
      "unicode_decimal": 58993
    },
    {
      "icon_id": "15838581",
      "name": "arrow-up-filling",
      "font_class": "arrow-up-filling",
      "unicode": "e688",
      "unicode_decimal": 59016
    },
    {
      "icon_id": "15838582",
      "name": "arrow-down-filling",
      "font_class": "arrow-down-filling",
      "unicode": "e689",
      "unicode_decimal": 59017
    },
    {
      "icon_id": "15838583",
      "name": "arrow-left-filling",
      "font_class": "arrow-left-filling",
      "unicode": "e68a",
      "unicode_decimal": 59018
    },
    {
      "icon_id": "15838584",
      "name": "arrow-right-filling",
      "font_class": "arrow-right-filling",
      "unicode": "e68b",
      "unicode_decimal": 59019
    }
  ]
}
